,word,FREQcount,CDcount,FREQlow,CDlow,SUBTLWF,Lg10WF,SUBTLCD,Lg10CD,length
4590,urge,339,307,333,304,6.65,2.5315,3.66,2.4886,4
5031,stud,354,269,321,250,6.94,2.5502,3.21,2.4314,4
5079,leap,340,265,315,251,6.67,2.5328,3.16,2.4249,4
5103,vast,311,264,300,254,6.1,2.4942,3.15,2.4232,4
5111,gown,334,263,324,258,6.55,2.525,3.14,2.4216,4
5130,puke,319,262,307,254,6.25,2.5051,3.12,2.42,4
5198,pose,347,256,329,247,6.8,2.5416,3.05,2.4099,4
5207,boil,303,255,271,234,5.94,2.4829,3.04,2.4082,4
5213,loop,345,255,321,240,6.76,2.5391,3.04,2.4082,4
5224,cups,326,254,309,244,6.39,2.5145,3.03,2.4065,4
5249,hike,333,252,276,228,6.53,2.5237,3,2.4031,4
5254,riot,331,252,297,230,6.49,2.5211,3,2.4031,4
5261,cozy,288,251,252,229,5.65,2.4609,2.99,2.4014,4
5275,vain,332,251,317,241,6.51,2.5224,2.99,2.4014,4
5276,Whew,320,251,16,13,6.27,2.5065,2.99,2.4014,4
5281,myth,352,250,341,246,6.9,2.5478,2.98,2.3997,4
5285,sour,297,250,269,231,5.82,2.4742,2.98,2.3997,4
5286,stir,301,250,274,234,5.9,2.48,2.98,2.3997,4
5306,fare,314,248,289,242,6.16,2.4983,2.96,2.3962,4
5399,pals,300,241,286,232,5.88,2.4786,2.87,2.3838,4
5438,slam,296,239,246,220,5.8,2.4728,2.85,2.3802,4
5453,cuff,291,237,197,164,5.71,2.4654,2.83,2.3766,4
5456,geek,353,237,311,223,6.92,2.549,2.83,2.3766,4
5481,sole,268,236,250,224,5.25,2.4298,2.81,2.3747,4
5484,bunk,320,235,302,222,6.27,2.5065,2.8,2.3729,4
5535,glow,293,232,278,219,5.75,2.4683,2.77,2.3674,4
5545,bake,323,231,267,207,6.33,2.5105,2.75,2.3655,4
5584,poke,298,229,252,207,5.84,2.4757,2.73,2.3617,4
5590,brat,317,228,299,219,6.22,2.5024,2.72,2.3598,4
5591,chap,324,228,311,222,6.35,2.5119,2.72,2.3598,4
5627,bolt,351,226,263,202,6.88,2.5465,2.69,2.356,4
5630,peek,272,226,252,220,5.33,2.4362,2.69,2.356,4
5640,sofa,299,226,287,220,5.86,2.4771,2.69,2.356,4
5648,hips,309,225,295,219,6.06,2.4914,2.68,2.3541,4
5656,scam,313,225,308,224,6.14,2.4969,2.68,2.3541,4
5678,rang,277,224,274,223,5.43,2.444,2.67,2.3522,4
5699,clip,290,222,257,201,5.69,2.4639,2.65,2.3483,4
5710,chow,350,221,191,161,6.86,2.5453,2.63,2.3464,4
5711,comb,309,221,288,210,6.06,2.4914,2.63,2.3464,4
5726,bean,349,220,242,173,6.84,2.5441,2.62,2.3444,4
5730,dash,308,220,250,201,6.04,2.49,2.62,2.3444,4
5732,glue,300,220,268,206,5.88,2.4786,2.62,2.3444,4
5782,sane,281,218,271,211,5.51,2.4502,2.6,2.3404,4
5796,leaf,265,217,246,204,5.2,2.4249,2.59,2.3385,4
5830,peak,303,215,245,181,5.94,2.4829,2.56,2.3345,4
5831,plea,349,215,345,211,6.84,2.5441,2.56,2.3345,4
5836,tech,326,215,192,149,6.39,2.5145,2.56,2.3345,4
5879,pets,290,213,270,202,5.69,2.4639,2.54,2.3304,4
5880,pier,334,213,235,166,6.55,2.525,2.54,2.3304,4
5890,crib,316,212,305,211,6.2,2.5011,2.53,2.3284,4
5900,mild,245,212,224,201,4.8,2.3909,2.53,2.3284,4
5906,stew,328,212,267,199,6.43,2.5172,2.53,2.3284,4
5920,lust,284,211,255,195,5.57,2.4548,2.52,2.3263,4
5923,pine,316,211,210,160,6.2,2.5011,2.52,2.3263,4
5925,prey,281,211,258,202,5.51,2.4502,2.52,2.3263,4
5935,heap,249,210,240,205,4.88,2.3979,2.5,2.3243,4
5956,beep,332,209,252,178,6.51,2.5224,2.49,2.3222,4
5978,keen,228,208,209,192,4.47,2.3598,2.48,2.3201,4
5990,bark,280,207,240,188,5.49,2.4487,2.47,2.3181,4
6005,pond,323,207,269,182,6.33,2.5105,2.47,2.3181,4
6038,fade,286,205,241,184,5.61,2.4579,2.44,2.3139,4
6066,hunk,263,204,233,199,5.16,2.4216,2.43,2.3118,4
6067,mint,277,204,201,159,5.43,2.444,2.43,2.3118,4
6068,numb,249,204,236,197,4.88,2.3979,2.43,2.3118,4
6072,slot,280,204,267,198,5.49,2.4487,2.43,2.3118,4
6090,vest,284,203,280,199,5.57,2.4548,2.42,2.3096,4
6098,dose,270,202,267,201,5.29,2.433,2.41,2.3075,4
6100,fart,328,202,314,196,6.43,2.5172,2.41,2.3075,4
6108,mock,274,202,240,187,5.37,2.4393,2.41,2.3075,4
6115,weep,280,202,252,187,5.49,2.4487,2.41,2.3075,4
6170,text,267,199,251,186,5.24,2.4281,2.37,2.301,4
6171,vows,331,199,325,196,6.49,2.5211,2.37,2.301,4
6188,mode,263,198,236,187,5.16,2.4216,2.36,2.2989,4
6205,mice,335,197,292,188,6.57,2.5263,2.35,2.2967,4
6259,limb,238,195,237,194,4.67,2.3784,2.32,2.2923,4
6263,nude,301,195,250,171,5.9,2.48,2.32,2.2923,4
6343,Echo,350,191,171,131,6.86,2.5453,2.28,2.2833,4
6369,grid,282,190,267,183,5.53,2.4518,2.27,2.281,4
6393,grim,244,189,197,163,4.78,2.3892,2.25,2.2788,4
6397,memo,337,189,255,173,6.61,2.5289,2.25,2.2788,4
6400,peel,273,189,231,164,5.35,2.4378,2.25,2.2788,4
6402,slug,253,189,228,177,4.96,2.4048,2.25,2.2788,4
6410,crab,352,188,241,150,6.9,2.5478,2.24,2.2765,4
6419,lure,217,188,196,173,4.25,2.3385,2.24,2.2765,4
6439,sunk,237,187,229,185,4.65,2.3766,2.23,2.2742,4
6443,undo,223,187,191,166,4.37,2.3502,2.23,2.2742,4
6459,sued,248,186,242,182,4.86,2.3962,2.22,2.2718,4
6461,vibe,266,186,252,183,5.22,2.4265,2.22,2.2718,4
6477,peep,226,185,177,153,4.43,2.356,2.21,2.2695,4
6494,fled,224,184,214,180,4.39,2.3522,2.19,2.2672,4
6514,ammo,274,183,260,177,5.37,2.4393,2.18,2.2648,4
6528,ripe,213,183,203,175,4.18,2.3304,2.18,2.2648,4
6531,trim,218,183,192,166,4.27,2.3404,2.18,2.2648,4
6533,vile,226,183,204,171,4.43,2.356,2.18,2.2648,4
6542,fuse,248,182,241,177,4.86,2.3962,2.17,2.2625,4
6628,crop,248,178,232,173,4.86,2.3962,2.12,2.2529,4
6639,poop,285,178,234,155,5.59,2.4564,2.12,2.2529,4
6658,Gulf,241,177,53,40,4.73,2.3838,2.11,2.2504,4
6662,lens,238,177,229,172,4.67,2.3784,2.11,2.2504,4
6690,maps,251,176,231,167,4.92,2.4014,2.1,2.248,4
6693,rail,233,176,215,162,4.57,2.3692,2.1,2.248,4
6697,turf,218,176,205,164,4.27,2.3404,2.1,2.248,4
6699,adds,201,175,193,167,3.94,2.3054,2.09,2.2455,4
6731,seas,223,174,188,150,4.37,2.3502,2.07,2.243,4
6739,curb,209,173,200,165,4.1,2.3222,2.06,2.2405,4
6740,doom,286,173,174,145,5.61,2.4579,2.06,2.2405,4
6765,lone,268,172,142,117,5.25,2.4298,2.05,2.238,4
6768,oral,220,172,182,148,4.31,2.3444,2.05,2.238,4
6794,pins,229,171,216,164,4.49,2.3617,2.04,2.2355,4
6831,dine,219,169,209,168,4.29,2.3424,2.01,2.2304,4
6854,cafe,258,168,154,103,5.06,2.4133,2,2.2279,4
6855,coal,335,168,292,157,6.57,2.5263,2,2.2279,4
6859,drip,261,168,228,165,5.12,2.4183,2,2.2279,4
6861,heir,266,168,245,161,5.22,2.4265,2,2.2279,4
6862,info,189,168,187,166,3.71,2.2788,2,2.2279,4
6863,lent,190,168,161,148,3.73,2.281,2,2.2279,4
6864,moms,242,168,194,141,4.75,2.3856,2,2.2279,4
6866,puff,227,168,174,144,4.45,2.3579,2,2.2279,4
6878,flee,233,167,214,154,4.57,2.3692,1.99,2.2253,4
6894,slit,194,167,185,160,3.8,2.29,1.99,2.2253,4
6895,whiz,199,167,181,153,3.9,2.301,1.99,2.2253,4
6975,bees,272,163,228,144,5.33,2.4362,1.94,2.2148,4
6985,peas,237,163,216,154,4.65,2.3766,1.94,2.2148,4
7016,hump,225,162,197,156,4.41,2.3541,1.93,2.2122,4
7020,loaf,228,162,224,159,4.47,2.3598,1.93,2.2122,4
7062,brag,179,160,177,158,3.51,2.2553,1.91,2.2068,4
7084,tidy,189,160,168,147,3.71,2.2788,1.91,2.2068,4
7085,void,209,160,200,157,4.1,2.3222,1.91,2.2068,4
7118,vent,225,159,211,152,4.41,2.3541,1.9,2.2041,4
7127,clam,200,158,165,134,3.92,2.3032,1.88,2.2014,4
7136,meds,242,158,237,157,4.75,2.3856,1.88,2.2014,4
7142,surf,324,158,251,133,6.35,2.5119,1.88,2.2014,4
7202,Yuck,194,156,41,31,3.8,2.29,1.86,2.1959,4
7204,aged,183,155,163,147,3.59,2.2648,1.85,2.1931,4
7216,iced,218,155,185,138,4.27,2.3404,1.85,2.1931,4
7219,itch,213,155,211,154,4.18,2.3304,1.85,2.1931,4
7224,quiz,252,155,226,144,4.94,2.4031,1.85,2.1931,4
7230,soak,176,155,157,139,3.45,2.248,1.85,2.1931,4
7281,mold,219,153,210,151,4.29,2.3424,1.82,2.1875,4
7301,clap,241,152,170,120,4.73,2.3838,1.81,2.1847,4
7318,limp,187,152,183,149,3.67,2.2742,1.81,2.1847,4
7354,knot,188,151,187,150,3.69,2.2765,1.8,2.1818,4
7369,toll,171,151,155,139,3.35,2.2355,1.8,2.1818,4
7373,bats,309,150,260,136,6.06,2.4914,1.79,2.179,4
7378,cope,166,150,160,147,3.25,2.2227,1.79,2.179,4
7390,Mash,224,150,68,60,4.39,2.3522,1.79,2.179,4
7403,swap,185,150,169,140,3.63,2.2695,1.79,2.179,4
7427,lump,181,149,177,147,3.55,2.2601,1.78,2.1761,4
7429,rays,221,149,186,136,4.33,2.3464,1.78,2.1761,4
7442,bulb,200,148,193,142,3.92,2.3032,1.76,2.1732,4
7561,yoga,227,145,196,135,4.45,2.3579,1.73,2.1644,4
7618,roar,205,143,180,131,4.02,2.3139,1.7,2.1584,4
7634,cult,227,142,213,135,4.45,2.3579,1.69,2.1553,4
7635,defy,158,142,148,137,3.1,2.2014,1.69,2.1553,4
7658,wage,159,142,158,141,3.12,2.2041,1.69,2.1553,4
7660,bind,171,141,149,129,3.35,2.2355,1.68,2.1523,4
7661,bled,201,141,189,132,3.94,2.3054,1.68,2.1523,4
7666,dork,213,141,181,127,4.18,2.3304,1.68,2.1523,4
7676,lays,150,141,144,137,2.94,2.179,1.68,2.1523,4
7677,logs,185,141,176,137,3.63,2.2695,1.68,2.1523,4
7681,nuns,218,141,196,132,4.27,2.3404,1.68,2.1523,4
7691,womb,177,141,168,136,3.47,2.2504,1.68,2.1523,4
7692,Yank,240,141,107,95,4.71,2.382,1.68,2.1523,4
7706,foam,179,140,165,132,3.51,2.2553,1.67,2.1492,4
7712,prop,188,140,167,127,3.69,2.2765,1.67,2.1492,4
7721,tomb,287,140,250,126,5.63,2.4594,1.67,2.1492,4
7730,bums,190,139,175,136,3.73,2.281,1.66,2.1461,4
7770,digs,151,138,148,135,2.96,2.1818,1.65,2.143,4
7796,tags,181,138,175,133,3.55,2.2601,1.65,2.143,4
7801,vein,183,138,180,136,3.59,2.2648,1.65,2.143,4
7807,claw,223,137,163,123,4.37,2.3502,1.63,2.1399,4
7826,labs,208,137,173,117,4.08,2.3201,1.63,2.1399,4
7836,slob,182,137,172,135,3.57,2.2625,1.63,2.1399,4
7841,visa,216,137,149,82,4.24,2.3365,1.63,2.1399,4
7844,aces,202,136,132,96,3.96,2.3075,1.62,2.1367,4
7856,jets,225,136,161,110,4.41,2.3541,1.62,2.1367,4
7857,lace,189,136,144,117,3.71,2.2788,1.62,2.1367,4
7859,loot,181,136,168,128,3.55,2.2601,1.62,2.1367,4
7862,pawn,221,136,201,129,4.33,2.3464,1.62,2.1367,4
7863,pots,181,136,163,127,3.55,2.2601,1.62,2.1367,4
7892,pies,176,135,165,129,3.45,2.248,1.61,2.1335,4
7917,Herb,254,134,78,61,4.98,2.4065,1.6,2.1303,4
7955,dove,284,133,171,122,5.57,2.4548,1.59,2.1271,4
7958,hash,180,133,164,121,3.53,2.2577,1.59,2.1271,4
7974,wimp,159,133,143,122,3.12,2.2041,1.59,2.1271,4
7976,wits,146,133,146,133,2.86,2.1673,1.59,2.1271,4
7977,Alas,195,132,53,46,3.82,2.2923,1.57,2.1239,4
7991,crow,227,132,156,107,4.45,2.3579,1.57,2.1239,4
7993,damp,149,132,141,127,2.92,2.1761,1.57,2.1239,4
8039,Ding,307,131,122,65,6.02,2.4886,1.56,2.1206,4
8048,fury,195,131,135,113,3.82,2.2923,1.56,2.1206,4
8060,raft,240,131,224,122,4.71,2.382,1.56,2.1206,4
8065,sigh,173,131,163,125,3.39,2.2405,1.56,2.1206,4
8070,teen,209,131,126,93,4.1,2.3222,1.56,2.1206,4
8074,wool,161,131,153,123,3.16,2.2095,1.56,2.1206,4
8085,flaw,155,130,154,129,3.04,2.1931,1.55,2.1173,4
8086,gals,166,130,156,126,3.25,2.2227,1.55,2.1173,4
8107,toad,290,130,176,112,5.69,2.4639,1.55,2.1173,4
8114,buns,193,129,176,120,3.78,2.2878,1.54,2.1139,4
8146,sync,168,129,84,73,3.29,2.2279,1.54,2.1139,4
8168,disk,338,128,332,128,6.63,2.5302,1.53,2.1106,4
8202,sung,178,128,110,97,3.49,2.2529,1.53,2.1106,4
8266,mutt,202,126,174,116,3.96,2.3075,1.5,2.1038,4
8275,rags,161,126,151,119,3.16,2.2095,1.5,2.1038,4
8283,subs,153,126,83,62,3,2.1875,1.5,2.1038,4
8299,clan,209,125,154,106,4.1,2.3222,1.49,2.1004,4
8302,dent,180,125,131,112,3.53,2.2577,1.49,2.1004,4
8319,pros,156,125,148,120,3.06,2.1959,1.49,2.1004,4
8323,roam,173,125,172,124,3.39,2.2405,1.49,2.1004,4
8385,fees,144,123,139,119,2.82,2.1614,1.47,2.0934,4
8394,lime,168,123,143,109,3.29,2.2279,1.47,2.0934,4
8429,idle,141,122,129,112,2.76,2.1523,1.45,2.0899,4
8444,pint,167,122,159,116,3.27,2.2253,1.45,2.0899,4
8458,bash,167,121,129,107,3.27,2.2253,1.44,2.0864,4
8479,mist,181,121,144,100,3.55,2.2601,1.44,2.0864,4
8496,vase,196,121,191,119,3.84,2.2945,1.44,2.0864,4
8523,hoot,133,120,125,114,2.61,2.1271,1.43,2.0828,4
8533,pads,161,120,157,117,3.16,2.2095,1.43,2.0828,4
8536,polo,178,120,101,71,3.49,2.2529,1.43,2.0828,4
8593,stat,143,119,120,101,2.8,2.1584,1.42,2.0792,4
8599,wink,180,119,136,110,3.53,2.2577,1.42,2.0792,4
8606,caps,151,118,144,113,2.96,2.1818,1.41,2.0755,4
8623,grin,138,118,128,114,2.71,2.143,1.41,2.0755,4
8648,arch,188,117,107,85,3.69,2.2765,1.39,2.0719,4
8673,nosy,144,117,127,106,2.82,2.1614,1.39,2.0719,4
8701,cork,146,116,113,90,2.86,2.1673,1.38,2.0682,4
8705,dots,156,116,151,113,3.06,2.1959,1.38,2.0682,4
8718,paws,127,116,125,115,2.49,2.1072,1.38,2.0682,4
8760,pact,192,115,185,112,3.76,2.2856,1.37,2.0645,4
8772,smug,122,115,116,111,2.39,2.0899,1.37,2.0645,4
8787,cone,149,114,126,102,2.92,2.1761,1.36,2.0607,4
8799,hull,215,114,165,96,4.22,2.3345,1.36,2.0607,4
8825,ache,127,113,125,111,2.49,2.1072,1.35,2.0569,4
8846,laps,167,113,164,111,3.27,2.2253,1.35,2.0569,4
8892,pest,146,112,116,97,2.86,2.1673,1.34,2.0531,4
8893,plum,174,112,125,92,3.41,2.243,1.34,2.0531,4
8927,curl,120,111,108,100,2.35,2.0828,1.32,2.0492,4
8958,sirs,194,111,151,87,3.8,2.29,1.32,2.0492,4
8981,duct,160,110,143,106,3.14,2.2068,1.31,2.0453,4
8988,flea,169,110,133,102,3.31,2.2304,1.31,2.0453,4
9005,peed,134,110,132,108,2.63,2.1303,1.31,2.0453,4
9008,reel,166,110,137,100,3.25,2.2227,1.31,2.0453,4
9061,pits,160,109,143,102,3.14,2.2068,1.3,2.0414,4
9086,calf,151,108,132,100,2.96,2.1818,1.29,2.0374,4
9098,grad,148,108,130,103,2.9,2.1732,1.29,2.0374,4
9134,tame,139,108,129,104,2.73,2.1461,1.29,2.0374,4
9139,veil,151,108,146,104,2.96,2.1818,1.29,2.0374,4
9144,zoom,181,108,93,73,3.55,2.2601,1.29,2.0374,4
9181,mini,184,107,92,81,3.61,2.2672,1.28,2.0334,4
9202,Swan,348,107,106,67,6.82,2.5428,1.28,2.0334,4
9214,coup,133,106,123,98,2.61,2.1271,1.26,2.0294,4
9222,grub,139,106,123,101,2.73,2.1461,1.26,2.0294,4
9251,taco,158,106,86,65,3.1,2.2014,1.26,2.0294,4
9278,flap,135,105,112,94,2.65,2.1335,1.25,2.0253,4
9286,jinx,204,105,112,90,4,2.3118,1.25,2.0253,4
9301,Swat,196,105,21,20,3.84,2.2945,1.25,2.0253,4
9305,veal,181,105,138,93,3.55,2.2601,1.25,2.0253,4
9334,loft,186,104,180,101,3.65,2.2718,1.24,2.0212,4
9338,mend,133,104,117,99,2.61,2.1271,1.24,2.0212,4
9341,pens,129,104,123,98,2.53,2.1139,1.24,2.0212,4
9357,thug,178,104,113,88,3.49,2.2529,1.24,2.0212,4
9380,gaze,129,103,110,90,2.53,2.1139,1.23,2.017,4
9420,bozo,126,102,87,74,2.47,2.1038,1.22,2.0128,4
9431,idol,141,102,137,100,2.76,2.1523,1.22,2.0128,4
9479,hath,252,101,235,99,4.94,2.4031,1.2,2.0086,4
9484,jaws,133,101,68,59,2.61,2.1271,1.2,2.0086,4
9501,ramp,147,101,139,98,2.88,2.1703,1.2,2.0086,4
9509,rust,127,101,112,93,2.49,2.1072,1.2,2.0086,4
9512,swam,123,101,119,99,2.41,2.0934,1.2,2.0086,4
9525,Beta,175,100,53,38,3.43,2.2455,1.19,2.0043,4
9617,knob,125,99,118,95,2.45,2.1004,1.18,2,4
9624,nerd,168,99,144,92,3.29,2.2279,1.18,2,4
9627,odor,119,99,119,99,2.33,2.0792,1.18,2,4
9647,tabs,108,99,103,97,2.12,2.0374,1.18,2,4
9648,tilt,113,99,78,69,2.22,2.0569,1.18,2,4
9659,buff,127,98,102,87,2.49,2.1072,1.17,1.9956,4
9678,frat,160,98,122,91,3.14,2.2068,1.17,1.9956,4
9759,tens,114,97,92,77,2.24,2.0607,1.16,1.9912,4
9785,fore,135,96,78,60,2.65,2.1335,1.14,1.9868,4
9824,whim,119,96,117,96,2.33,2.0792,1.14,1.9868,4
9828,apes,209,95,172,74,4.1,2.3222,1.13,1.9823,4
9845,dads,111,95,97,85,2.18,2.0492,1.13,1.9823,4
9894,stem,114,95,112,93,2.24,2.0607,1.13,1.9823,4
9909,blur,109,94,101,87,2.14,2.0414,1.12,1.9777,4
9912,bred,125,94,116,92,2.45,2.1004,1.12,1.9777,4
9913,chum,156,94,132,91,3.06,2.1959,1.12,1.9777,4
9941,mute,127,94,115,87,2.49,2.1072,1.12,1.9777,4
9955,sank,110,94,108,92,2.16,2.0453,1.12,1.9777,4
9993,gram,132,93,102,73,2.59,2.1239,1.11,1.9731,4
10001,hoop,137,93,120,87,2.69,2.1399,1.11,1.9731,4
10011,mugs,121,93,111,85,2.37,2.0864,1.11,1.9731,4
10032,tart,122,93,96,79,2.39,2.0899,1.11,1.9731,4
10046,atom,140,92,125,85,2.75,2.1492,1.1,1.9685,4
10057,dire,112,92,98,86,2.2,2.0531,1.1,1.9685,4
10059,dunk,132,92,107,82,2.59,2.1239,1.1,1.9685,4
10077,mush,143,92,89,73,2.8,2.1584,1.1,1.9685,4
10113,ante,111,91,79,69,2.18,2.0492,1.08,1.9638,4
10119,brew,128,91,119,85,2.51,2.1106,1.08,1.9638,4
10121,bulk,97,91,89,83,1.9,1.9912,1.08,1.9638,4
10126,chic,119,91,88,76,2.33,2.0792,1.08,1.9638,4
10130,cube,152,91,121,70,2.98,2.1847,1.08,1.9638,4
10134,dibs,118,91,67,59,2.31,2.0755,1.08,1.9638,4
10135,edgy,116,91,110,90,2.27,2.0682,1.08,1.9638,4
10138,flop,118,91,117,90,2.31,2.0755,1.08,1.9638,4
10273,rave,129,89,109,80,2.53,2.1139,1.06,1.9542,4
10274,reap,132,89,122,85,2.59,2.1239,1.06,1.9542,4
10278,snot,108,89,99,86,2.12,2.0374,1.06,1.9542,4
10279,sobs,132,89,85,63,2.59,2.1239,1.06,1.9542,4
10282,sway,129,89,97,82,2.53,2.1139,1.06,1.9542,4
10297,beak,107,88,100,85,2.1,2.0334,1.05,1.9494,4
10314,epic,120,88,116,87,2.35,2.0828,1.05,1.9494,4
10355,swab,121,88,102,76,2.37,2.0864,1.05,1.9494,4
10389,demo,168,87,158,84,3.29,2.2279,1.04,1.9445,4
10393,dues,104,87,100,86,2.04,2.0212,1.04,1.9445,4
10400,fret,95,87,91,83,1.86,1.9823,1.04,1.9445,4
10403,hock,110,87,106,83,2.16,2.0453,1.04,1.9445,4
10416,lava,176,87,149,77,3.45,2.248,1.04,1.9445,4
10429,rake,152,87,97,80,2.98,2.1847,1.04,1.9445,4
10435,snag,97,87,87,83,1.9,1.9912,1.04,1.9445,4
10499,snob,111,86,103,82,2.18,2.0492,1.03,1.9395,4
10500,span,101,86,95,81,1.98,2.0086,1.03,1.9395,4
10560,mare,148,85,113,65,2.9,2.1732,1.01,1.9345,4
10569,pans,109,85,105,82,2.14,2.0414,1.01,1.9345,4
10585,slay,109,85,97,82,2.14,2.0414,1.01,1.9345,4
10646,peck,180,84,94,57,3.53,2.2577,1,1.9294,4
10680,cabs,109,83,98,75,2.14,2.0414,0.99,1.9243,4
10699,Helm,273,83,101,68,5.35,2.4378,0.99,1.9243,4
10707,jars,99,83,96,81,1.94,2,0.99,1.9243,4
10710,lest,100,83,76,66,1.96,2.0043,0.99,1.9243,4
10729,poof,110,83,78,66,2.16,2.0453,0.99,1.9243,4
10773,Colt,267,82,80,34,5.24,2.4281,0.98,1.9191,4
10791,gall,101,82,92,77,1.98,2.0086,0.98,1.9191,4
10798,hoax,123,82,122,82,2.41,2.0934,0.98,1.9191,4
10800,honk,122,82,89,69,2.39,2.0899,0.98,1.9191,4
10810,moan,96,82,90,79,1.88,1.9868,0.98,1.9191,4
10821,pulp,93,82,74,66,1.82,1.9731,0.98,1.9191,4
10844,aide,103,81,87,70,2.02,2.017,0.97,1.9138,4
10874,harp,134,81,105,68,2.63,2.1303,0.97,1.9138,4
10886,muck,97,81,92,79,1.9,1.9912,0.97,1.9138,4
10892,Ping,168,81,59,35,3.29,2.2279,0.97,1.9138,4
10906,spun,86,81,81,76,1.69,1.9395,0.97,1.9138,4
10921,bows,89,80,87,78,1.75,1.9542,0.95,1.9085,4
10922,buds,90,80,80,73,1.76,1.959,0.95,1.9085,4
10931,Cove,166,80,57,33,3.25,2.2227,0.95,1.9085,4
10984,taps,130,80,117,73,2.55,2.1173,0.95,1.9085,4
10988,vine,107,80,78,62,2.1,2.0334,0.95,1.9085,4
11027,gums,96,79,93,77,1.88,1.9868,0.94,1.9031,4
11030,heed,92,79,74,66,1.8,1.9685,0.94,1.9031,4
11042,knit,97,79,85,74,1.9,1.9912,0.94,1.9031,4
11045,loco,101,79,72,61,1.98,2.0086,0.94,1.9031,4
11047,maze,130,79,106,71,2.55,2.1173,0.94,1.9031,4
11061,Pike,234,79,41,37,4.59,2.3711,0.94,1.9031,4
11063,poll,127,79,112,70,2.49,2.1072,0.94,1.9031,4
11068,reef,204,79,151,62,4,2.3118,0.94,1.9031,4
11089,brow,94,78,94,78,1.84,1.9777,0.93,1.8976,4
11107,Foxy,156,78,50,46,3.06,2.1959,0.93,1.8976,4
11109,funk,161,78,129,69,3.16,2.2095,0.93,1.8976,4
11112,Hare,195,78,23,17,3.82,2.2923,0.93,1.8976,4
11129,Moss,145,78,65,43,2.84,2.1644,0.93,1.8976,4
11149,sums,88,78,83,75,1.73,1.9494,0.93,1.8976,4
11156,tile,108,78,105,78,2.12,2.0374,0.93,1.8976,4
11161,Wham,98,78,44,42,1.92,1.9956,0.93,1.8976,4
11184,disc,131,77,122,73,2.57,2.1206,0.92,1.8921,4
11213,Meow,150,77,55,30,2.94,2.179,0.92,1.8921,4
11216,mink,189,77,123,70,3.71,2.2788,0.92,1.8921,4
11223,perp,111,77,95,67,2.18,2.0492,0.92,1.8921,4
11244,slid,94,77,90,74,1.84,1.9777,0.92,1.8921,4
11258,trot,92,77,67,63,1.8,1.9685,0.92,1.8921,4
11309,kite,117,76,113,72,2.29,2.0719,0.91,1.8865,4
11319,neon,146,76,89,65,2.86,2.1673,0.91,1.8865,4
11382,howl,105,75,95,71,2.06,2.0253,0.89,1.8808,4
11405,quid,161,75,146,67,3.16,2.2095,0.89,1.8808,4
11451,dome,100,74,82,61,1.96,2.0043,0.88,1.8751,4
11473,lair,123,74,103,72,2.41,2.0934,0.88,1.8751,4
11479,mojo,151,74,100,60,2.96,2.1818,0.88,1.8751,4
11496,runt,125,74,95,71,2.45,2.1004,0.88,1.8751,4
11502,skid,111,74,79,58,2.18,2.0492,0.88,1.8751,4
11519,wand,157,74,152,73,3.08,2.1987,0.88,1.8751,4
11543,deli,108,73,83,60,2.12,2.0374,0.87,1.8692,4
11563,lash,85,73,58,54,1.67,1.9345,0.87,1.8692,4
11569,Mace,178,73,36,29,3.49,2.2529,0.87,1.8692,4
11577,meek,88,73,81,69,1.73,1.9494,0.87,1.8692,4
11591,plow,96,73,87,67,1.88,1.9868,0.87,1.8692,4
11615,tack,108,73,90,67,2.12,2.0374,0.87,1.8692,4
11664,icon,88,72,82,68,1.73,1.9494,0.86,1.8633,4
11666,lass,136,72,88,54,2.67,2.1367,0.86,1.8633,4
11691,ruse,85,72,85,72,1.67,1.9345,0.86,1.8633,4
11699,slop,94,72,85,68,1.84,1.9777,0.86,1.8633,4
11701,spat,79,72,75,69,1.55,1.9031,0.86,1.8633,4
11712,thud,99,72,68,52,1.94,2,0.86,1.8633,4
11742,chem,96,71,66,54,1.88,1.9868,0.85,1.8573,4
11749,cons,112,71,100,68,2.2,2.0531,0.85,1.8573,4
11755,dart,98,71,91,66,1.92,1.9956,0.85,1.8573,4
11768,fuzz,95,71,88,66,1.86,1.9823,0.85,1.8573,4
11777,hick,102,71,94,66,2,2.0128,0.85,1.8573,4
11778,hums,112,71,81,53,2.2,2.0531,0.85,1.8573,4
11786,nets,99,71,86,64,1.94,2,0.85,1.8573,4
11789,oats,105,71,70,52,2.06,2.0253,0.85,1.8573,4
11807,redo,81,71,74,67,1.59,1.9138,0.85,1.8573,4
11813,Rosy,169,71,68,61,3.31,2.2304,0.85,1.8573,4
11849,bids,81,70,78,67,1.59,1.9138,0.83,1.8513,4
11884,feat,78,70,76,69,1.53,1.8976,0.83,1.8513,4
11891,goof,113,70,80,64,2.22,2.0569,0.83,1.8513,4
11894,hugs,89,70,79,65,1.75,1.9542,0.83,1.8513,4
11908,Nova,270,70,33,11,5.29,2.433,0.83,1.8513,4
11909,nuke,121,70,107,62,2.37,2.0864,0.83,1.8513,4
11972,bras,82,69,77,65,1.61,1.9191,0.82,1.8451,4
12013,Jade,259,69,98,43,5.08,2.415,0.82,1.8451,4
12018,lobe,95,69,93,68,1.86,1.9823,0.82,1.8451,4
12020,logo,92,69,91,68,1.8,1.9685,0.82,1.8451,4
12028,moth,116,69,91,65,2.27,2.0682,0.82,1.8451,4
12097,begs,72,68,70,66,1.41,1.8633,0.81,1.8388,4
12143,Knox,249,68,3,3,4.88,2.3979,0.81,1.8388,4
12154,Nana,202,68,52,18,3.96,2.3075,0.81,1.8388,4
12157,outs,99,68,98,67,1.94,2,0.81,1.8388,4
12162,ploy,78,68,76,66,1.53,1.8976,0.81,1.8388,4
12198,twos,77,68,76,68,1.51,1.8921,0.81,1.8388,4
12202,user,79,68,77,66,1.55,1.9031,0.81,1.8388,4
12205,warp,280,68,204,61,5.49,2.4487,0.81,1.8388,4
12219,barf,100,67,62,55,1.96,2.0043,0.8,1.8325,4
12248,duel,120,67,115,64,2.35,2.0828,0.8,1.8325,4
12266,hots,74,67,71,65,1.45,1.8751,0.8,1.8325,4
12298,rows,92,67,88,63,1.8,1.9685,0.8,1.8325,4
12307,soar,78,67,74,66,1.53,1.8976,0.8,1.8325,4
12312,stun,96,67,83,61,1.88,1.9868,0.8,1.8325,4
12362,edit,77,66,65,58,1.51,1.8921,0.79,1.8261,4
12369,furs,81,66,74,59,1.59,1.9138,0.79,1.8261,4
12370,Gale,250,66,23,20,4.9,2.3997,0.79,1.8261,4
12392,malt,84,66,73,61,1.65,1.9294,0.79,1.8261,4
12431,slab,94,66,72,63,1.84,1.9777,0.79,1.8261,4
12433,snug,73,66,60,56,1.43,1.8692,0.79,1.8261,4
12486,dung,90,65,81,59,1.76,1.959,0.77,1.8195,4
12513,hurl,69,65,63,59,1.35,1.8451,0.77,1.8195,4
12518,lard,86,65,68,59,1.69,1.9395,0.77,1.8195,4
12551,rung,71,65,70,64,1.39,1.8573,0.77,1.8195,4
12573,twit,71,65,68,62,1.39,1.8573,0.77,1.8195,4
12578,wuss,95,65,81,57,1.86,1.9823,0.77,1.8195,4
12619,duly,69,64,49,46,1.35,1.8451,0.76,1.8129,4
12633,gent,82,64,76,60,1.61,1.9191,0.76,1.8129,4
12635,gigs,83,64,82,63,1.63,1.9243,0.76,1.8129,4
12636,goon,116,64,67,55,2.27,2.0682,0.76,1.8129,4
12640,hogs,101,64,81,60,1.98,2.0086,0.76,1.8129,4
12646,jive,86,64,77,58,1.69,1.9395,0.76,1.8129,4
12650,Norm,170,64,28,28,3.33,2.233,0.76,1.8129,4
12672,rump,72,64,68,62,1.41,1.8633,0.76,1.8129,4
12706,wept,71,64,69,62,1.39,1.8573,0.76,1.8129,4
12726,cram,77,63,54,52,1.51,1.8921,0.75,1.8062,4
12753,gala,90,63,80,57,1.76,1.959,0.75,1.8062,4
12767,jams,64,63,58,58,1.25,1.8129,0.75,1.8062,4
12791,peer,78,63,70,56,1.53,1.8976,0.75,1.8062,4
12792,perk,72,63,58,55,1.41,1.8633,0.75,1.8062,4
12807,sage,89,63,57,49,1.75,1.9542,0.75,1.8062,4
12836,bias,82,62,81,61,1.61,1.9191,0.74,1.7993,4
12894,hymn,83,62,63,49,1.63,1.9243,0.74,1.7993,4
12906,jolt,70,62,68,60,1.37,1.8513,0.74,1.7993,4
12929,puny,74,62,69,59,1.45,1.8751,0.74,1.7993,4
12939,rods,92,62,89,61,1.8,1.9685,0.74,1.7993,4
12945,Shin,157,62,32,29,3.08,2.1987,0.74,1.7993,4
12948,sled,149,62,144,62,2.92,2.1761,0.74,1.7993,4
12961,tofu,137,62,88,59,2.69,2.1399,0.74,1.7993,4
12965,twig,69,62,65,60,1.35,1.8451,0.74,1.7993,4
12969,Whee,86,62,12,11,1.69,1.9395,0.74,1.7993,4
12975,aura,93,61,76,57,1.82,1.9731,0.73,1.7924,4
12988,clot,92,61,91,60,1.8,1.9685,0.73,1.7924,4
12990,coil,82,61,82,61,1.61,1.9191,0.73,1.7924,4
13015,hype,83,61,79,59,1.63,1.9243,0.73,1.7924,4
13029,lice,109,61,97,57,2.14,2.0414,0.73,1.7924,4
13093,writ,88,61,85,59,1.73,1.9494,0.73,1.7924,4
13113,boar,111,60,93,55,2.18,2.0492,0.72,1.7853,4
13114,brig,155,60,88,57,3.04,2.1931,0.72,1.7853,4
13131,daft,68,60,61,55,1.33,1.8388,0.72,1.7853,4
13149,gasp,88,60,82,55,1.73,1.9494,0.72,1.7853,4
13157,hoof,88,60,80,56,1.73,1.9494,0.72,1.7853,4
13163,joys,70,60,63,57,1.37,1.8513,0.72,1.7853,4
13180,omen,87,60,74,55,1.71,1.9445,0.72,1.7853,4
13205,rubs,67,60,66,59,1.31,1.8325,0.72,1.7853,4
13208,sham,77,60,67,58,1.51,1.8921,0.72,1.7853,4
13222,yarn,81,60,78,59,1.59,1.9138,0.72,1.7853,4
13253,Cubs,113,59,38,20,2.22,2.0569,0.7,1.7782,4
13261,dont,265,59,211,54,5.2,2.4249,0.7,1.7782,4
13321,rite,74,59,63,50,1.45,1.8751,0.7,1.7782,4
13327,sewn,66,59,66,59,1.29,1.8261,0.7,1.7782,4
13329,snip,108,59,85,55,2.12,2.0374,0.7,1.7782,4
13337,thaw,81,59,70,54,1.59,1.9138,0.7,1.7782,4
13415,kilo,80,58,73,54,1.57,1.9085,0.69,1.7709,4
13425,Mart,97,58,21,19,1.9,1.9912,0.69,1.7709,4
13428,muse,98,58,91,55,1.92,1.9956,0.69,1.7709,4
13433,palp,92,58,92,58,1.8,1.9685,0.69,1.7709,4
13452,rink,109,58,85,52,2.14,2.0414,0.69,1.7709,4
13490,wilt,93,58,56,38,1.82,1.9731,0.69,1.7709,4
13528,doth,117,57,112,57,2.29,2.0719,0.68,1.7634,4
13531,dyed,73,57,68,56,1.43,1.8692,0.68,1.7634,4
13548,guru,78,57,68,51,1.53,1.8976,0.68,1.7634,4
13550,halo,82,57,43,42,1.61,1.9191,0.68,1.7634,4
13564,java,78,57,44,35,1.53,1.8976,0.68,1.7634,4
13572,mast,83,57,70,49,1.63,1.9243,0.68,1.7634,4
13605,spur,73,57,66,53,1.43,1.8692,0.68,1.7634,4
13632,burp,66,56,59,50,1.29,1.8261,0.67,1.7559,4
13655,feud,66,56,58,49,1.29,1.8261,0.67,1.7559,4
13672,hind,125,56,64,50,2.45,2.1004,0.67,1.7559,4
13694,oils,68,56,66,55,1.33,1.8388,0.67,1.7559,4
13712,puck,147,56,108,39,2.88,2.1703,0.67,1.7559,4
13735,stag,81,56,72,48,1.59,1.9138,0.67,1.7559,4
13737,stow,64,56,33,32,1.25,1.8129,0.67,1.7559,4
13755,acre,93,55,67,50,1.82,1.9731,0.66,1.7482,4
13870,rips,69,55,64,53,1.35,1.8451,0.66,1.7482,4
13938,dual,57,54,50,47,1.12,1.7634,0.64,1.7404,4
13957,Gong,124,54,41,37,2.43,2.0969,0.64,1.7404,4
13974,keel,61,54,55,50,1.2,1.7924,0.64,1.7404,4
13977,lark,83,54,61,45,1.63,1.9243,0.64,1.7404,4
13982,loon,72,54,66,53,1.41,1.8633,0.64,1.7404,4
13988,mitt,70,54,66,51,1.37,1.8513,0.64,1.7404,4
14040,tact,56,54,50,48,1.1,1.7559,0.64,1.7404,4
14048,trio,66,54,53,45,1.29,1.8261,0.64,1.7404,4
14052,tyre,124,54,119,52,2.43,2.0969,0.64,1.7404,4
14112,duds,69,53,43,41,1.35,1.8451,0.63,1.7324,4
14122,foil,62,53,60,52,1.22,1.7993,0.63,1.7324,4
14172,quad,79,53,53,43,1.55,1.9031,0.63,1.7324,4
14208,wart,63,53,59,50,1.24,1.8062,0.63,1.7324,4
14211,wigs,71,53,63,48,1.39,1.8573,0.63,1.7324,4
14217,afar,59,52,57,51,1.16,1.7782,0.62,1.7243,4
14264,duet,66,52,60,49,1.29,1.8261,0.62,1.7243,4
14308,lieu,57,52,55,50,1.12,1.7634,0.62,1.7243,4
14326,Oval,69,52,29,23,1.35,1.8451,0.62,1.7243,4
14353,semi,119,52,106,48,2.33,2.0792,0.62,1.7243,4
14357,skis,69,52,63,48,1.35,1.8451,0.62,1.7243,4
14391,Axis,81,51,33,29,1.59,1.9138,0.61,1.716,4
14437,germ,64,51,58,46,1.25,1.8129,0.61,1.716,4
14450,Iris,270,51,32,22,5.29,2.433,0.61,1.716,4
14451,jest,68,51,64,47,1.33,1.8388,0.61,1.716,4
14462,mite,60,51,58,50,1.18,1.7853,0.61,1.716,4
14503,slew,67,51,60,49,1.31,1.8325,0.61,1.716,4
14505,slum,65,51,63,49,1.27,1.8195,0.61,1.716,4
14535,aims,60,50,55,49,1.18,1.7853,0.6,1.7076,4
14550,bony,61,50,52,43,1.2,1.7924,0.6,1.7076,4
14612,hens,68,50,61,45,1.33,1.8388,0.6,1.7076,4
14633,lush,60,50,53,44,1.18,1.7853,0.6,1.7076,4
14638,moot,60,50,52,44,1.18,1.7853,0.6,1.7076,4
14657,posh,65,50,43,35,1.27,1.8195,0.6,1.7076,4
14716,Woof,141,50,48,19,2.76,2.1523,0.6,1.7076,4
14719,Alps,62,49,2,2,1.22,1.7993,0.58,1.699,4
14759,dusk,61,49,52,46,1.2,1.7924,0.58,1.699,4
14768,glee,58,49,50,42,1.14,1.7709,0.58,1.699,4
14834,pods,101,49,93,49,1.98,2.0086,0.58,1.699,4
14890,bead,57,48,54,45,1.12,1.7634,0.57,1.6902,4
14914,cuss,54,48,53,47,1.06,1.7404,0.57,1.6902,4
14944,glum,52,48,52,48,1.02,1.7243,0.57,1.6902,4
14966,lewd,65,48,59,46,1.27,1.8195,0.57,1.6902,4
14967,lint,68,48,59,44,1.33,1.8388,0.57,1.6902,4
15004,pout,55,48,52,46,1.08,1.7482,0.57,1.6902,4
15045,toil,51,48,49,46,1,1.716,0.57,1.6902,4
15081,bran,67,47,45,38,1.31,1.8325,0.56,1.6812,4
15084,cant,119,47,112,45,2.33,2.0792,0.56,1.6812,4
15128,fest,69,47,49,35,1.35,1.8451,0.56,1.6812,4
15138,gist,56,47,55,46,1.1,1.7559,0.56,1.6812,4
15143,Hark,86,47,9,8,1.69,1.9395,0.56,1.6812,4
15144,haze,77,47,43,37,1.51,1.8921,0.56,1.6812,4
15153,jugs,61,47,48,40,1.2,1.7924,0.56,1.6812,4
15204,rugs,63,47,62,47,1.24,1.8062,0.56,1.6812,4
15236,toot,80,47,50,40,1.57,1.9085,0.56,1.6812,4
15251,vans,53,47,48,43,1.04,1.7324,0.56,1.6812,4
15270,atop,52,46,43,40,1.02,1.7243,0.55,1.6721,4
15324,fide,56,46,54,45,1.1,1.7559,0.55,1.6721,4
15343,hops,46,46,44,44,0.9,1.6721,0.55,1.6721,4
15356,kits,53,46,51,45,1.04,1.7324,0.55,1.6721,4
15361,lull,60,46,57,44,1.18,1.7853,0.55,1.6721,4
15418,smog,55,46,49,41,1.08,1.7482,0.55,1.6721,4
15452,vial,66,46,66,46,1.29,1.8261,0.55,1.6721,4
15472,axle,63,45,49,41,1.24,1.8062,0.54,1.6628,4
15478,blob,60,45,44,40,1.18,1.7853,0.54,1.6628,4
15503,crud,52,45,44,39,1.02,1.7243,0.54,1.6628,4
15526,fend,47,45,43,42,0.92,1.6812,0.54,1.6628,4
15538,gulp,50,45,36,33,0.98,1.7076,0.54,1.6628,4
15627,tout,55,45,39,33,1.08,1.7482,0.54,1.6628,4
15669,cite,48,44,40,39,0.94,1.6902,0.52,1.6532,4
15715,hula,100,44,75,37,1.96,2.0043,0.52,1.6532,4
15742,oily,49,44,48,44,0.96,1.699,0.52,1.6532,4
15750,pear,68,44,61,41,1.33,1.8388,0.52,1.6532,4
15885,flex,50,43,41,38,0.98,1.7076,0.51,1.6435,4
15947,owls,108,43,65,38,2.12,2.0374,0.51,1.6435,4
15971,rots,44,43,43,42,0.86,1.6532,0.51,1.6435,4
16020,wasp,73,43,41,23,1.43,1.8692,0.51,1.6435,4
16040,Baba,120,42,17,14,2.35,2.0828,0.5,1.6335,4
16088,docs,51,42,44,38,1,1.716,0.5,1.6335,4
16096,fins,60,42,53,39,1.18,1.7853,0.5,1.6335,4
16104,Gore,55,42,25,20,1.08,1.7482,0.5,1.6335,4
16105,gout,71,42,69,41,1.39,1.8573,0.5,1.6335,4
16177,reek,46,42,44,41,0.9,1.6721,0.5,1.6335,4
16202,spec,44,42,39,37,0.86,1.6532,0.5,1.6335,4
16211,swig,48,42,45,39,0.94,1.6902,0.5,1.6335,4
16220,tote,55,42,45,36,1.08,1.7482,0.5,1.6335,4
16225,tubs,46,42,42,39,0.9,1.6721,0.5,1.6335,4
16233,vary,47,42,41,39,0.92,1.6812,0.5,1.6335,4
16243,wont,81,42,80,41,1.59,1.9138,0.5,1.6335,4
16252,aids,54,41,41,34,1.06,1.7404,0.49,1.6232,4
16257,anew,44,41,44,41,0.86,1.6532,0.49,1.6232,4
16295,Corp,66,41,8,5,1.29,1.8261,0.49,1.6232,4
16316,egos,46,41,45,40,0.9,1.6721,0.49,1.6232,4
16436,robs,46,41,40,38,0.9,1.6721,0.49,1.6232,4
16454,skim,43,41,38,36,0.84,1.6435,0.49,1.6232,4
16462,Spam,59,41,16,7,1.16,1.7782,0.49,1.6232,4
16506,amid,45,40,34,31,0.88,1.6628,0.48,1.6128,4
16521,Bloc,48,40,9,9,0.94,1.6902,0.48,1.6128,4
16529,brim,45,40,37,36,0.88,1.6628,0.48,1.6128,4
16640,moat,60,40,60,40,1.18,1.7853,0.48,1.6128,4
16648,nook,54,40,51,38,1.06,1.7404,0.48,1.6128,4
16656,pail,48,40,48,40,0.94,1.6902,0.48,1.6128,4
16687,rift,55,40,50,38,1.08,1.7482,0.48,1.6128,4
16723,tram,70,40,63,33,1.37,1.8513,0.48,1.6128,4
16750,yawn,51,40,41,32,1,1.716,0.48,1.6128,4
16822,Faux,41,39,0,0,0.8,1.6232,0.46,1.6021,4
16839,gems,44,39,38,34,0.86,1.6532,0.46,1.6021,4
16846,grit,48,39,42,34,0.94,1.6902,0.46,1.6021,4
16849,hazy,41,39,35,35,0.8,1.6232,0.46,1.6021,4
16855,huff,67,39,37,32,1.31,1.8325,0.46,1.6021,4
16856,huts,56,39,51,38,1.1,1.7559,0.46,1.6021,4
16895,Oaks,86,39,7,7,1.69,1.9395,0.46,1.6021,4
16904,pant,49,39,43,37,0.96,1.699,0.46,1.6021,4
16975,wail,44,39,38,35,0.86,1.6532,0.46,1.6021,4
17053,drab,41,38,40,37,0.8,1.6232,0.45,1.5911,4
17060,eons,44,38,40,34,0.86,1.6532,0.45,1.5911,4
17067,flak,54,38,44,31,1.06,1.7404,0.45,1.5911,4
17073,gags,58,38,43,33,1.14,1.7709,0.45,1.5911,4
17075,gimp,48,38,38,34,0.94,1.6902,0.45,1.5911,4
17092,isle,62,38,51,31,1.22,1.7993,0.45,1.5911,4
17166,sash,58,38,50,34,1.14,1.7709,0.45,1.5911,4
17229,acne,46,37,45,36,0.9,1.6721,0.44,1.5798,4
17232,airs,39,37,37,35,0.76,1.6021,0.44,1.5798,4
17250,blot,48,37,45,36,0.94,1.6902,0.44,1.5798,4
17281,crit,62,37,44,28,1.22,1.7993,0.44,1.5798,4
17376,naps,53,37,42,35,1.04,1.7324,0.44,1.5798,4
17410,rein,39,37,33,31,0.76,1.6021,0.44,1.5798,4
17478,verb,54,37,54,37,1.06,1.7404,0.44,1.5798,4
17483,wack,87,37,53,35,1.71,1.9445,0.44,1.5798,4
17486,Wick,128,37,31,23,2.51,2.1106,0.44,1.5798,4
17492,aced,39,36,33,31,0.76,1.6021,0.43,1.5682,4
17532,coax,41,36,41,36,0.8,1.6232,0.43,1.5682,4
17566,Fang,98,36,16,14,1.92,1.9956,0.43,1.5682,4
17595,icky,61,36,56,31,1.2,1.7924,0.43,1.5682,4
17608,kegs,49,36,48,35,0.96,1.699,0.43,1.5682,4
17621,Mesa,66,36,14,11,1.29,1.8261,0.43,1.5682,4
17650,perm,51,36,46,33,1,1.716,0.43,1.5682,4
17688,saga,40,36,37,34,0.78,1.6128,0.43,1.5682,4
17753,Alto,69,35,12,8,1.35,1.8451,0.42,1.5563,4
17930,putt,58,35,52,33,1.14,1.7709,0.42,1.5563,4
17962,soot,55,35,44,31,1.08,1.7482,0.42,1.5563,4
17983,tarp,50,35,45,34,0.98,1.7076,0.42,1.5563,4
18038,Bane,94,34,24,22,1.84,1.9777,0.41,1.5441,4
18045,blip,41,34,41,34,0.8,1.6232,0.41,1.5441,4
18137,font,48,34,46,33,0.94,1.6902,0.41,1.5441,4
18140,fray,48,34,39,32,0.94,1.6902,0.41,1.5441,4
18156,hive,50,34,50,34,0.98,1.7076,0.41,1.5441,4
18196,Mead,53,34,15,11,1.04,1.7324,0.41,1.5441,4
18198,mime,58,34,51,33,1.14,1.7709,0.41,1.5441,4
18232,plop,43,34,34,29,0.84,1.6435,0.41,1.5441,4
18285,stub,49,34,46,33,0.96,1.699,0.41,1.5441,4
18337,ails,39,33,39,33,0.76,1.6021,0.39,1.5315,4
18395,Dill,90,33,26,23,1.76,1.959,0.39,1.5315,4
18559,Rook,71,33,35,21,1.39,1.8573,0.39,1.5315,4
18583,Tiki,131,33,36,18,2.57,2.1206,0.39,1.5315,4
18608,amps,49,32,48,32,0.96,1.699,0.38,1.5185,4
18685,Dirk,137,32,4,3,2.69,2.1399,0.38,1.5185,4
18689,dodo,51,32,32,27,1,1.716,0.38,1.5185,4
18690,dole,49,32,31,22,0.96,1.699,0.38,1.5185,4
18720,flux,53,32,40,30,1.04,1.7324,0.38,1.5185,4
18775,lode,41,32,38,30,0.8,1.6232,0.38,1.5185,4
18781,mats,61,32,51,30,1.2,1.7924,0.38,1.5185,4
18796,oars,55,32,53,32,1.08,1.7482,0.38,1.5185,4
18885,tuba,61,32,58,30,1.2,1.7924,0.38,1.5185,4
18944,bins,39,31,38,30,0.76,1.6021,0.37,1.5051,4
18955,Brie,46,31,20,17,0.9,1.6721,0.37,1.5051,4
19069,Levy,99,31,11,10,1.94,2,0.37,1.5051,4
19106,Pang,81,31,15,13,1.59,1.9138,0.37,1.5051,4
19167,silo,48,31,40,30,0.94,1.6902,0.37,1.5051,4
19193,suns,48,31,34,25,0.94,1.6902,0.37,1.5051,4
19271,bile,40,30,33,28,0.78,1.6128,0.36,1.4914,4
19526,tier,54,30,43,27,1.06,1.7404,0.36,1.4914,4
19569,Aqua,70,29,20,16,1.37,1.8513,0.35,1.4771,4
19594,buoy,60,29,60,29,1.18,1.7853,0.35,1.4771,4
19737,mega,40,29,25,21,0.78,1.6128,0.35,1.4771,4
19971,clog,41,28,41,28,0.8,1.6232,0.33,1.4624,4
20011,dune,51,28,29,18,1,1.716,0.33,1.4624,4
20028,fats,48,28,30,13,0.94,1.6902,0.33,1.4624,4
20030,Fern,163,28,22,14,3.2,2.2148,0.33,1.4624,4
20046,Gill,87,28,4,4,1.71,1.9445,0.33,1.4624,4
20373,Diva,78,27,36,22,1.53,1.8976,0.32,1.4472,4
20419,gull,56,27,31,19,1.1,1.7559,0.32,1.4472,4
20848,judo,49,26,26,20,0.96,1.699,0.31,1.4314,4
20963,rims,39,26,38,25,0.76,1.6021,0.31,1.4314,4
21034,tome,39,26,25,20,0.76,1.6021,0.31,1.4314,4
21102,Bard,41,25,16,13,0.8,1.6232,0.3,1.415,4
21144,Chai,52,25,19,13,1.02,1.7243,0.3,1.415,4
21250,hiss,47,25,29,21,0.92,1.6812,0.3,1.415,4
21291,Mach,95,25,7,7,1.86,1.9823,0.3,1.415,4
21350,pups,46,25,45,24,0.9,1.6721,0.3,1.415,4
21379,sass,47,25,24,23,0.92,1.6812,0.3,1.415,4
21495,zoos,39,25,32,22,0.76,1.6021,0.3,1.415,4
21546,Boon,108,24,49,18,2.12,2.0374,0.29,1.3979,4
21637,eels,61,24,35,20,1.2,1.7924,0.29,1.3979,4
21774,Noir,41,24,20,13,0.8,1.6232,0.29,1.3979,4
21998,bale,104,23,71,18,2.04,2.0212,0.27,1.3802,4
22227,kiwi,40,23,22,17,0.78,1.6128,0.27,1.3802,4
22269,moor,101,23,82,14,1.98,2.0086,0.27,1.3802,4
22328,Rams,42,23,12,10,0.82,1.6335,0.27,1.3802,4
22350,Rove,58,23,8,7,1.14,1.7709,0.27,1.3802,4
22426,toga,47,23,30,20,0.92,1.6812,0.27,1.3802,4
22531,carp,39,22,23,15,0.76,1.6021,0.26,1.3617,4
22777,Oink,55,22,26,14,1.08,1.7482,0.26,1.3617,4
22802,pips,56,22,30,10,1.1,1.7559,0.26,1.3617,4
22876,Seer,75,22,28,17,1.47,1.8808,0.26,1.3617,4
22945,tock,47,22,38,18,0.92,1.6812,0.26,1.3617,4
23083,Char,72,21,6,6,1.41,1.8633,0.25,1.3424,4
23283,Kelp,63,21,30,16,1.24,1.8062,0.25,1.3424,4
23338,Newt,68,21,19,16,1.33,1.8388,0.25,1.3424,4
23393,purr,39,21,25,20,0.76,1.6021,0.25,1.3424,4
24002,spud,47,20,30,12,0.92,1.6812,0.24,1.3222,4
24126,Apex,43,19,18,15,0.84,1.6435,0.23,1.301,4
24676,Vale,75,19,5,5,1.47,1.8808,0.23,1.301,4
25259,sumo,42,18,24,13,0.82,1.6335,0.21,1.2788,4
25777,Pelt,48,17,15,13,0.94,1.6902,0.2,1.2553,4
25895,skit,42,17,40,16,0.82,1.6335,0.2,1.2553,4
26228,dojo,46,16,35,11,0.9,1.6721,0.19,1.2304,4
27982,Opal,52,14,6,3,1.02,1.7243,0.17,1.1761,4
29197,Ware,112,13,14,8,2.2,2.0531,0.15,1.1461,4
30623,Flan,86,11,39,10,1.69,1.9395,0.13,1.0792,4
32161,Rune,57,10,11,7,1.12,1.7634,0.12,1.0414,4
38501,toon,53,6,0,0,1.04,1.7324,0.07,0.8451,4
